CEDULA,APELLIDO,CEDULAASESOR,MIN_AP,NIP,FECHA_P,SERIAL_SIM,MIN_PRE,PLAN,CORREO,CONVERGENCIA,OPERADOR
41947730,GONZALES MATEUS,1000159968,3113183641,18301,08/04/2023,602502989560,0,27745,audreyangelica2012@hotmail.com,NO,MOVISTAR
1010069064,ZAMORA LOZADA,1000159968,3154758886,34670 ,09/04/2023,602512910814,0,27745,brayanzamora022@gmail.com,NO,MOVISTAR
15351785,PEREZ OROZCO,1000159968,3122475641,24597,06/04/2023,602510167910,0,27787,jairoperez.50@hotmail.com,NO,MOVISTAR
1109842638,ABRAHAM ORTIZ,1000159968,3188850549,64747,07/04/2023,602512593172,0,27745,carl2017ortiz@gmail.com,NO,MOVISTAR
41947730,GONZALES MATEUS,1000159968,3113183641,18301,08/04/2023,602502989560,0,27745,audreyangelica2012@hotmail.com,NO,MOVISTAR
1010069064,ZAMORA LOZADA,1000159968,3154758886,34670 ,09/04/2023,602512910814,0,27745,brayanzamora022@gmail.com,NO,MOVISTAR
